game_version,mod_version,file_id,uploaded_at,file_name,file_url
"1.21.1","4.26.0","7021195","Sep 22, 2025","Super Factory Manager (SFM)-MC1.21.1-4.26.0.jar","https://www.curseforge.com/minecraft/mc-mods/super-factory-manager/files/7021195"
"1.21","4.26.0","7021194","Sep 22, 2025","Super Factory Manager (SFM)-MC1.21-4.26.0.jar","https://www.curseforge.com/minecraft/mc-mods/super-factory-manager/files/7021194"
"1.20.4","4.26.0","7021192","Sep 22, 2025","Super Factory Manager (SFM)-MC1.20.4-4.26.0.jar","https://www.curseforge.com/minecraft/mc-mods/super-factory-manager/files/7021192"
"1.20.3","4.26.0","7021191","Sep 22, 2025","Super Factory Manager (SFM)-MC1.20.3-4.26.0.jar","https://www.curseforge.com/minecraft/mc-mods/super-factory-manager/files/7021191"
"1.20.2","4.26.0","7021190","Sep 22, 2025","Super Factory Manager (SFM)-MC1.20.2-4.26.0.jar","https://www.curseforge.com/minecraft/mc-mods/super-factory-manager/files/7021190"
"1.20.1","4.26.0","7021189","Sep 22, 2025","Super Factory Manager (SFM)-MC1.20.1-4.26.0.jar","https://www.curseforge.com/minecraft/mc-mods/super-factory-manager/files/7021189"
"1.20","4.26.0","7021188","Sep 22, 2025","Super Factory Manager (SFM)-MC1.20-4.26.0.jar","https://www.curseforge.com/minecraft/mc-mods/super-factory-manager/files/7021188"
"1.19.4","4.26.0","7021186","Sep 22, 2025","Super Factory Manager (SFM)-MC1.19.4-4.26.0.jar","https://www.curseforge.com/minecraft/mc-mods/super-factory-manager/files/7021186"
"1.19.2","4.26.0","7021183","Sep 22, 2025","Super Factory Manager (SFM)-MC1.19.2-4.26.0.jar","https://www.curseforge.com/minecraft/mc-mods/super-factory-manager/files/7021183"
"1.21.1","4.25.0","6954659","Sep 2, 2025","Super Factory Manager (SFM)-MC1.21.1-4.25.0.jar","https://www.curseforge.com/minecraft/mc-mods/super-factory-manager/files/6954659"
"1.21","4.25.0","6954654","Sep 2, 2025","Super Factory Manager (SFM)-MC1.21-4.25.0.jar","https://www.curseforge.com/minecraft/mc-mods/super-factory-manager/files/6954654"
"1.20.4","4.25.0","6954652","Sep 2, 2025","Super Factory Manager (SFM)-MC1.20.4-4.25.0.jar","https://www.curseforge.com/minecraft/mc-mods/super-factory-manager/files/6954652"
"1.20.3","4.25.0","6954651","Sep 2, 2025","Super Factory Manager (SFM)-MC1.20.3-4.25.0.jar","https://www.curseforge.com/minecraft/mc-mods/super-factory-manager/files/6954651"
"1.20.2","4.25.0","6954650","Sep 2, 2025","Super Factory Manager (SFM)-MC1.20.2-4.25.0.jar","https://www.curseforge.com/minecraft/mc-mods/super-factory-manager/files/6954650"
"1.20.1","4.25.0","6954649","Sep 2, 2025","Super Factory Manager (SFM)-MC1.20.1-4.25.0.jar","https://www.curseforge.com/minecraft/mc-mods/super-factory-manager/files/6954649"
"1.20","4.25.0","6954648","Sep 2, 2025","Super Factory Manager (SFM)-MC1.20-4.25.0.jar","https://www.curseforge.com/minecraft/mc-mods/super-factory-manager/files/6954648"
"1.19.4","4.25.0","6954647","Sep 2, 2025","Super Factory Manager (SFM)-MC1.19.4-4.25.0.jar","https://www.curseforge.com/minecraft/mc-mods/super-factory-manager/files/6954647"
"1.19.2","4.25.0","6954646","Sep 2, 2025","Super Factory Manager (SFM)-MC1.19.2-4.25.0.jar","https://www.curseforge.com/minecraft/mc-mods/super-factory-manager/files/6954646"
"1.21.1","4.24.0","6924252","Aug 24, 2025","Super Factory Manager (SFM)-MC1.21.1-4.24.0.jar","https://www.curseforge.com/minecraft/mc-mods/super-factory-manager/files/6924252"
"1.21","4.24.0","6924250","Aug 24, 2025","Super Factory Manager (SFM)-MC1.21-4.24.0.jar","https://www.curseforge.com/minecraft/mc-mods/super-factory-manager/files/6924250"
"1.20.4","4.24.0","6924249","Aug 24, 2025","Super Factory Manager (SFM)-MC1.20.4-4.24.0.jar","https://www.curseforge.com/minecraft/mc-mods/super-factory-manager/files/6924249"
"1.20.3","4.24.0","6924245","Aug 24, 2025","Super Factory Manager (SFM)-MC1.20.3-4.24.0.jar","https://www.curseforge.com/minecraft/mc-mods/super-factory-manager/files/6924245"
"1.20.2","4.24.0","6924241","Aug 24, 2025","Super Factory Manager (SFM)-MC1.20.2-4.24.0.jar","https://www.curseforge.com/minecraft/mc-mods/super-factory-manager/files/6924241"
"1.20.1","4.24.0","6924239","Aug 24, 2025","Super Factory Manager (SFM)-MC1.20.1-4.24.0.jar","https://www.curseforge.com/minecraft/mc-mods/super-factory-manager/files/6924239"
"1.20","4.24.0","6924237","Aug 24, 2025","Super Factory Manager (SFM)-MC1.20-4.24.0.jar","https://www.curseforge.com/minecraft/mc-mods/super-factory-manager/files/6924237"
"1.19.4","4.24.0","6924236","Aug 24, 2025","Super Factory Manager (SFM)-MC1.19.4-4.24.0.jar","https://www.curseforge.com/minecraft/mc-mods/super-factory-manager/files/6924236"
"1.19.2","4.24.0","6924234","Aug 24, 2025","Super Factory Manager (SFM)-MC1.19.2-4.24.0.jar","https://www.curseforge.com/minecraft/mc-mods/super-factory-manager/files/6924234"
"1.21.1","4.23.0","6849471","Aug 5, 2025","Super Factory Manager (SFM)-MC1.21.1-4.23.0.jar","https://www.curseforge.com/minecraft/mc-mods/super-factory-manager/files/6849471"
"1.21","4.23.0","6849470","Aug 5, 2025","Super Factory Manager (SFM)-MC1.21-4.23.0.jar","https://www.curseforge.com/minecraft/mc-mods/super-factory-manager/files/6849470"
"1.20.4","4.23.0","6849468","Aug 5, 2025","Super Factory Manager (SFM)-MC1.20.4-4.23.0.jar","https://www.curseforge.com/minecraft/mc-mods/super-factory-manager/files/6849468"
"1.20.3","4.23.0","6849467","Aug 5, 2025","Super Factory Manager (SFM)-MC1.20.3-4.23.0.jar","https://www.curseforge.com/minecraft/mc-mods/super-factory-manager/files/6849467"
"1.20.2","4.23.0","6849466","Aug 5, 2025","Super Factory Manager (SFM)-MC1.20.2-4.23.0.jar","https://www.curseforge.com/minecraft/mc-mods/super-factory-manager/files/6849466"
"1.20.1","4.23.0","6849465","Aug 5, 2025","Super Factory Manager (SFM)-MC1.20.1-4.23.0.jar","https://www.curseforge.com/minecraft/mc-mods/super-factory-manager/files/6849465"
"1.20","4.23.0","6849464","Aug 5, 2025","Super Factory Manager (SFM)-MC1.20-4.23.0.jar","https://www.curseforge.com/minecraft/mc-mods/super-factory-manager/files/6849464"
"1.19.4","4.23.0","6849462","Aug 5, 2025","Super Factory Manager (SFM)-MC1.19.4-4.23.0.jar","https://www.curseforge.com/minecraft/mc-mods/super-factory-manager/files/6849462"
"1.19.2","4.23.0","6849461","Aug 5, 2025","Super Factory Manager (SFM)-MC1.19.2-4.23.0.jar","https://www.curseforge.com/minecraft/mc-mods/super-factory-manager/files/6849461"
"1.21.1","4.22.0","6681034","Jun 22, 2025","Super Factory Manager (SFM)-MC1.21.1-4.22.0.jar","https://www.curseforge.com/minecraft/mc-mods/super-factory-manager/files/6681034"
"1.21","4.22.0","6681032","Jun 22, 2025","Super Factory Manager (SFM)-MC1.21-4.22.0.jar","https://www.curseforge.com/minecraft/mc-mods/super-factory-manager/files/6681032"
"1.20.4","4.22.0","6681029","Jun 22, 2025","Super Factory Manager (SFM)-MC1.20.4-4.22.0.jar","https://www.curseforge.com/minecraft/mc-mods/super-factory-manager/files/6681029"
"1.20.3","4.22.0","6681026","Jun 22, 2025","Super Factory Manager (SFM)-MC1.20.3-4.22.0.jar","https://www.curseforge.com/minecraft/mc-mods/super-factory-manager/files/6681026"
"1.20.2","4.22.0","6681021","Jun 22, 2025","Super Factory Manager (SFM)-MC1.20.2-4.22.0.jar","https://www.curseforge.com/minecraft/mc-mods/super-factory-manager/files/6681021"
"1.20.1","4.22.0","6681020","Jun 22, 2025","Super Factory Manager (SFM)-MC1.20.1-4.22.0.jar","https://www.curseforge.com/minecraft/mc-mods/super-factory-manager/files/6681020"
"1.20","4.22.0","6681015","Jun 22, 2025","Super Factory Manager (SFM)-MC1.20-4.22.0.jar","https://www.curseforge.com/minecraft/mc-mods/super-factory-manager/files/6681015"
"1.19.4","4.22.0","6681012","Jun 22, 2025","Super Factory Manager (SFM)-MC1.19.4-4.22.0.jar","https://www.curseforge.com/minecraft/mc-mods/super-factory-manager/files/6681012"
"1.19.2","4.22.0","6681007","Jun 22, 2025","Super Factory Manager (SFM)-MC1.19.2-4.22.0.jar","https://www.curseforge.com/minecraft/mc-mods/super-factory-manager/files/6681007"
"1.21.1","4.21.0","6361523","Mar 29, 2025","Super Factory Manager (SFM)-MC1.21.1-4.21.0.jar","https://www.curseforge.com/minecraft/mc-mods/super-factory-manager/files/6361523"
"1.21","4.21.0","6361521","Mar 29, 2025","Super Factory Manager (SFM)-MC1.21-4.21.0.jar","https://www.curseforge.com/minecraft/mc-mods/super-factory-manager/files/6361521"
"1.20.4","4.21.0","6361517","Mar 29, 2025","Super Factory Manager (SFM)-MC1.20.4-4.21.0.jar","https://www.curseforge.com/minecraft/mc-mods/super-factory-manager/files/6361517"
"1.20.3","4.21.0","6361508","Mar 29, 2025","Super Factory Manager (SFM)-MC1.20.3-4.21.0.jar","https://www.curseforge.com/minecraft/mc-mods/super-factory-manager/files/6361508"
"1.20.2","4.21.0","6361507","Mar 29, 2025","Super Factory Manager (SFM)-MC1.20.2-4.21.0.jar","https://www.curseforge.com/minecraft/mc-mods/super-factory-manager/files/6361507"
"1.20.1","4.21.0","6361501","Mar 29, 2025","Super Factory Manager (SFM)-MC1.20.1-4.21.0.jar","https://www.curseforge.com/minecraft/mc-mods/super-factory-manager/files/6361501"
"1.20","4.21.0","6361497","Mar 29, 2025","Super Factory Manager (SFM)-MC1.20-4.21.0.jar","https://www.curseforge.com/minecraft/mc-mods/super-factory-manager/files/6361497"
"1.19.4","4.21.0","6361495","Mar 29, 2025","Super Factory Manager (SFM)-MC1.19.4-4.21.0.jar","https://www.curseforge.com/minecraft/mc-mods/super-factory-manager/files/6361495"
"1.19.2","4.21.0","6361486","Mar 29, 2025","Super Factory Manager (SFM)-MC1.19.2-4.21.0.jar","https://www.curseforge.com/minecraft/mc-mods/super-factory-manager/files/6361486"
"1.21.1","4.20.0","6218942","Feb 21, 2025","Super Factory Manager (SFM)-MC1.21.1-4.20.0.jar","https://www.curseforge.com/minecraft/mc-mods/super-factory-manager/files/6218942"
"1.21","4.20.0","6218941","Feb 21, 2025","Super Factory Manager (SFM)-MC1.21-4.20.0.jar","https://www.curseforge.com/minecraft/mc-mods/super-factory-manager/files/6218941"
"1.20.4","4.20.0","6218939","Feb 21, 2025","Super Factory Manager (SFM)-MC1.20.4-4.20.0.jar","https://www.curseforge.com/minecraft/mc-mods/super-factory-manager/files/6218939"
"1.20.3","4.20.0","6218938","Feb 21, 2025","Super Factory Manager (SFM)-MC1.20.3-4.20.0.jar","https://www.curseforge.com/minecraft/mc-mods/super-factory-manager/files/6218938"
"1.20.2","4.20.0","6218937","Feb 21, 2025","Super Factory Manager (SFM)-MC1.20.2-4.20.0.jar","https://www.curseforge.com/minecraft/mc-mods/super-factory-manager/files/6218937"
"1.20.1","4.20.0","6218936","Feb 21, 2025","Super Factory Manager (SFM)-MC1.20.1-4.20.0.jar","https://www.curseforge.com/minecraft/mc-mods/super-factory-manager/files/6218936"
"1.20","4.20.0","6218934","Feb 21, 2025","Super Factory Manager (SFM)-MC1.20-4.20.0.jar","https://www.curseforge.com/minecraft/mc-mods/super-factory-manager/files/6218934"
"1.19.4","4.20.0","6218931","Feb 21, 2025","Super Factory Manager (SFM)-MC1.19.4-4.20.0.jar","https://www.curseforge.com/minecraft/mc-mods/super-factory-manager/files/6218931"
"1.19.2","4.20.0","6218930","Feb 21, 2025","Super Factory Manager (SFM)-MC1.19.2-4.20.0.jar","https://www.curseforge.com/minecraft/mc-mods/super-factory-manager/files/6218930"
"1.21.1","4.19.0","5664209","Aug 26, 2024","Super Factory Manager-1.21.1-4.19.0.jar","https://www.curseforge.com/minecraft/mc-mods/super-factory-manager/files/5664209"
"1.21","4.19.0","5664208","Aug 26, 2024","Super Factory Manager-1.21-4.19.0.jar","https://www.curseforge.com/minecraft/mc-mods/super-factory-manager/files/5664208"
"1.20.4","4.19.0","5664205","Aug 26, 2024","Super Factory Manager-1.20.4-4.19.0.jar","https://www.curseforge.com/minecraft/mc-mods/super-factory-manager/files/5664205"
"1.20.3","4.19.0","5664203","Aug 26, 2024","Super Factory Manager-1.20.3-4.19.0.jar","https://www.curseforge.com/minecraft/mc-mods/super-factory-manager/files/5664203"
"1.20.2","4.19.0","5664201","Aug 26, 2024","Super Factory Manager-1.20.2-4.19.0.jar","https://www.curseforge.com/minecraft/mc-mods/super-factory-manager/files/5664201"
"1.20.1","4.19.0","5664200","Aug 26, 2024","Super Factory Manager-1.20.1-4.19.0.jar","https://www.curseforge.com/minecraft/mc-mods/super-factory-manager/files/5664200"
"1.20","4.19.0","5664198","Aug 26, 2024","Super Factory Manager-1.20-4.19.0.jar","https://www.curseforge.com/minecraft/mc-mods/super-factory-manager/files/5664198"
"1.19.2","4.19.0","5664195","Aug 26, 2024","Super Factory Manager-1.19.2-4.19.0.jar","https://www.curseforge.com/minecraft/mc-mods/super-factory-manager/files/5664195"
"1.21","4.18.0","5590182","Aug 2, 2024","Super Factory Manager-1.21-4.18.0.jar","https://www.curseforge.com/minecraft/mc-mods/super-factory-manager/files/5590182"
"1.20.4","4.18.0","5590181","Aug 2, 2024","Super Factory Manager-1.20.4-4.18.0.jar","https://www.curseforge.com/minecraft/mc-mods/super-factory-manager/files/5590181"
"1.20.3","4.18.0","5590180","Aug 2, 2024","Super Factory Manager-1.20.3-4.18.0.jar","https://www.curseforge.com/minecraft/mc-mods/super-factory-manager/files/5590180"
"1.20.2","4.18.0","5590178","Aug 2, 2024","Super Factory Manager-1.20.2-4.18.0.jar","https://www.curseforge.com/minecraft/mc-mods/super-factory-manager/files/5590178"
"1.20.1","4.18.0","5590176","Aug 2, 2024","Super Factory Manager-1.20.1-4.18.0.jar","https://www.curseforge.com/minecraft/mc-mods/super-factory-manager/files/5590176"
"1.20","4.18.0","5590173","Aug 2, 2024","Super Factory Manager-1.20-4.18.0.jar","https://www.curseforge.com/minecraft/mc-mods/super-factory-manager/files/5590173"
"1.19.4","4.18.0","5590172","Aug 2, 2024","Super Factory Manager-1.19.4-4.18.0.jar","https://www.curseforge.com/minecraft/mc-mods/super-factory-manager/files/5590172"
"1.19.2","4.18.0","5590169","Aug 2, 2024","Super Factory Manager-1.19.2-4.18.0.jar","https://www.curseforge.com/minecraft/mc-mods/super-factory-manager/files/5590169"
"1.20.4","4.17.0","5533569","Jul 15, 2024","Super Factory Manager-1.20.4-4.17.0.jar","https://www.curseforge.com/minecraft/mc-mods/super-factory-manager/files/5533569"
"1.20.3","4.17.0","5533568","Jul 15, 2024","Super Factory Manager-1.20.3-4.17.0.jar","https://www.curseforge.com/minecraft/mc-mods/super-factory-manager/files/5533568"
"1.20.2","4.17.0","5533567","Jul 15, 2024","Super Factory Manager-1.20.2-4.17.0.jar","https://www.curseforge.com/minecraft/mc-mods/super-factory-manager/files/5533567"
"1.20.1","4.17.0","5533566","Jul 15, 2024","Super Factory Manager-1.20.1-4.17.0.jar","https://www.curseforge.com/minecraft/mc-mods/super-factory-manager/files/5533566"
"1.20","4.17.0","5533564","Jul 15, 2024","Super Factory Manager-1.20-4.17.0.jar","https://www.curseforge.com/minecraft/mc-mods/super-factory-manager/files/5533564"
"1.19.4","4.17.0","5533563","Jul 15, 2024","Super Factory Manager-1.19.4-4.17.0.jar","https://www.curseforge.com/minecraft/mc-mods/super-factory-manager/files/5533563"
"1.19.2","4.17.0","5533562","Jul 15, 2024","Super Factory Manager-1.19.2-4.17.0.jar","https://www.curseforge.com/minecraft/mc-mods/super-factory-manager/files/5533562"
"1.20.4","4.16.0","5476829","Jun 26, 2024","Super Factory Manager-1.20.4-4.16.0.jar","https://www.curseforge.com/minecraft/mc-mods/super-factory-manager/files/5476829"
"1.20.3","4.16.0","5476826","Jun 26, 2024","Super Factory Manager-1.20.3-4.16.0.jar","https://www.curseforge.com/minecraft/mc-mods/super-factory-manager/files/5476826"
"1.20.2","4.16.0","5476825","Jun 26, 2024","Super Factory Manager-1.20.2-4.16.0.jar","https://www.curseforge.com/minecraft/mc-mods/super-factory-manager/files/5476825"
"1.20.1","4.16.0","5476824","Jun 26, 2024","Super Factory Manager-1.20.1-4.16.0.jar","https://www.curseforge.com/minecraft/mc-mods/super-factory-manager/files/5476824"
"1.20","4.16.0","5476822","Jun 26, 2024","Super Factory Manager-1.20-4.16.0.jar","https://www.curseforge.com/minecraft/mc-mods/super-factory-manager/files/5476822"
"1.19.4","4.16.0","5476819","Jun 26, 2024","Super Factory Manager-1.19.4-4.16.0.jar","https://www.curseforge.com/minecraft/mc-mods/super-factory-manager/files/5476819"
"1.19.2","4.16.0","5476816","Jun 26, 2024","Super Factory Manager-1.19.2-4.16.0.jar","https://www.curseforge.com/minecraft/mc-mods/super-factory-manager/files/5476816"
"1.20.4","4.15.1","5275530","Apr 20, 2024","Super Factory Manager-1.20.4-4.15.1.jar","https://www.curseforge.com/minecraft/mc-mods/super-factory-manager/files/5275530"
"1.20.3","4.15.1","5275529","Apr 20, 2024","Super Factory Manager-1.20.3-4.15.1.jar","https://www.curseforge.com/minecraft/mc-mods/super-factory-manager/files/5275529"
"1.20.2","4.15.1","5275526","Apr 20, 2024","Super Factory Manager-1.20.2-4.15.1.jar","https://www.curseforge.com/minecraft/mc-mods/super-factory-manager/files/5275526"
"1.20.1","4.15.1","5275525","Apr 20, 2024","Super Factory Manager-1.20.1-4.15.1.jar","https://www.curseforge.com/minecraft/mc-mods/super-factory-manager/files/5275525"
"1.20","4.15.1","5275524","Apr 20, 2024","Super Factory Manager-1.20-4.15.1.jar","https://www.curseforge.com/minecraft/mc-mods/super-factory-manager/files/5275524"
"1.19.4","4.15.1","5275523","Apr 20, 2024","Super Factory Manager-1.19.4-4.15.1.jar","https://www.curseforge.com/minecraft/mc-mods/super-factory-manager/files/5275523"
"1.19.2","4.15.1","5275518","Apr 20, 2024","Super Factory Manager-1.19.2-4.15.1.jar","https://www.curseforge.com/minecraft/mc-mods/super-factory-manager/files/5275518"
"1.20.4","4.15.0","5270626","Apr 17, 2024","Super Factory Manager-1.20.4-4.15.0.jar","https://www.curseforge.com/minecraft/mc-mods/super-factory-manager/files/5270626"
"1.20.3","4.15.0","5270624","Apr 17, 2024","Super Factory Manager-1.20.3-4.15.0.jar","https://www.curseforge.com/minecraft/mc-mods/super-factory-manager/files/5270624"
"1.20.2","4.15.0","5270623","Apr 17, 2024","Super Factory Manager-1.20.2-4.15.0.jar","https://www.curseforge.com/minecraft/mc-mods/super-factory-manager/files/5270623"
"1.20.1","4.15.0","5270622","Apr 17, 2024","Super Factory Manager-1.20.1-4.15.0.jar","https://www.curseforge.com/minecraft/mc-mods/super-factory-manager/files/5270622"
"1.20","4.15.0","5270621","Apr 17, 2024","Super Factory Manager-1.20-4.15.0.jar","https://www.curseforge.com/minecraft/mc-mods/super-factory-manager/files/5270621"
"1.19.4","4.15.0","5270620","Apr 17, 2024","Super Factory Manager-1.19.4-4.15.0.jar","https://www.curseforge.com/minecraft/mc-mods/super-factory-manager/files/5270620"
"1.19.2","4.15.0","5270618","Apr 17, 2024","Super Factory Manager-1.19.2-4.15.0.jar","https://www.curseforge.com/minecraft/mc-mods/super-factory-manager/files/5270618"
"1.20.1","4.14.2","5245028","Apr 8, 2024","Super Factory Manager-1.20.1-4.14.2.jar","https://www.curseforge.com/minecraft/mc-mods/super-factory-manager/files/5245028"
"1.20","4.14.2","5245026","Apr 8, 2024","Super Factory Manager-1.20-4.14.2.jar","https://www.curseforge.com/minecraft/mc-mods/super-factory-manager/files/5245026"
"1.19.4","4.14.2","5245025","Apr 8, 2024","Super Factory Manager-1.19.4-4.14.2.jar","https://www.curseforge.com/minecraft/mc-mods/super-factory-manager/files/5245025"
"1.19.2","4.14.2","5245023","Apr 8, 2024","Super Factory Manager-1.19.2-4.14.2.jar","https://www.curseforge.com/minecraft/mc-mods/super-factory-manager/files/5245023"
"1.20.1","4.14.1","4862718","Nov 12, 2023","Super Factory Manager-1.20.1-4.14.1.jar","https://www.curseforge.com/minecraft/mc-mods/super-factory-manager/files/4862718"
"1.20","4.14.1","4862717","Nov 12, 2023","Super Factory Manager-1.20-4.14.1.jar","https://www.curseforge.com/minecraft/mc-mods/super-factory-manager/files/4862717"
"1.19.4","4.14.1","4862716","Nov 12, 2023","Super Factory Manager-1.19.4-4.14.1.jar","https://www.curseforge.com/minecraft/mc-mods/super-factory-manager/files/4862716"
"1.19.2","4.14.1","4862715","Nov 12, 2023","Super Factory Manager-1.19.2-4.14.1.jar","https://www.curseforge.com/minecraft/mc-mods/super-factory-manager/files/4862715"
"1.20.1","4.14.0","4852423","Nov 8, 2023","Super Factory Manager-1.20.1-4.14.0.jar","https://www.curseforge.com/minecraft/mc-mods/super-factory-manager/files/4852423"
"1.20","4.14.0","4852422","Nov 8, 2023","Super Factory Manager-1.20-4.14.0.jar","https://www.curseforge.com/minecraft/mc-mods/super-factory-manager/files/4852422"
"1.19.4","4.14.0","4852417","Nov 8, 2023","SuperFactoryManager-1.19.4-4.14.0.jar","https://www.curseforge.com/minecraft/mc-mods/super-factory-manager/files/4852417"
"1.19.2","4.14.0","4852415","Nov 8, 2023","SuperFactoryManager-1.19.2-4.14.0.jar","https://www.curseforge.com/minecraft/mc-mods/super-factory-manager/files/4852415"
"1.20.1","4.13.0","4820072","Oct 28, 2023","Super Factory Manager-1.20.1-4.13.0.jar","https://www.curseforge.com/minecraft/mc-mods/super-factory-manager/files/4820072"
"1.20","4.13.0","4820067","Oct 28, 2023","Super Factory Manager-1.20-4.13.0.jar","https://www.curseforge.com/minecraft/mc-mods/super-factory-manager/files/4820067"
"1.19.4","4.13.0","4820062","Oct 28, 2023","SuperFactoryManager-1.19.4-4.13.0.jar","https://www.curseforge.com/minecraft/mc-mods/super-factory-manager/files/4820062"
"1.19.2","4.13.0","4820051","Oct 28, 2023","SuperFactoryManager-1.19.2-4.13.0.jar","https://www.curseforge.com/minecraft/mc-mods/super-factory-manager/files/4820051"
"1.20","4.12.0","4659329","Jul 23, 2023","Super Factory Manager-1.20-4.12.0.jar","https://www.curseforge.com/minecraft/mc-mods/super-factory-manager/files/4659329"
"1.19.4","4.12.0","4659328","Jul 23, 2023","SuperFactoryManager-1.19.4-4.12.0.jar","https://www.curseforge.com/minecraft/mc-mods/super-factory-manager/files/4659328"
"1.19.2","4.12.0","4659327","Jul 23, 2023","SuperFactoryManager-1.19.2-4.12.0.jar","https://www.curseforge.com/minecraft/mc-mods/super-factory-manager/files/4659327"
"1.20","4.11.0","4643282","Jul 14, 2023","Super Factory Manager-1.20-4.11.0.jar","https://www.curseforge.com/minecraft/mc-mods/super-factory-manager/files/4643282"
"1.19.4","4.11.0","4643280","Jul 14, 2023","SuperFactoryManager-1.19.4-4.11.0.jar","https://www.curseforge.com/minecraft/mc-mods/super-factory-manager/files/4643280"
"1.19.2","4.11.0","4643279","Jul 14, 2023","SuperFactoryManager-1.19.2-4.11.0.jar","https://www.curseforge.com/minecraft/mc-mods/super-factory-manager/files/4643279"
"1.20","4.10.3","4594366","Jun 18, 2023","Super Factory Manager-1.20-4.10.3.jar","https://www.curseforge.com/minecraft/mc-mods/super-factory-manager/files/4594366"
"1.19.4","4.10.3","4594365","Jun 18, 2023","SuperFactoryManager-1.19.4-4.10.3.jar","https://www.curseforge.com/minecraft/mc-mods/super-factory-manager/files/4594365"
"1.19.2","4.10.3","4594364","Jun 18, 2023","SuperFactoryManager-1.19.2-4.10.3.jar","https://www.curseforge.com/minecraft/mc-mods/super-factory-manager/files/4594364"
"1.20","4.10.2","4581173","Jun 11, 2023","Super Factory Manager-1.20-4.10.2.jar","https://www.curseforge.com/minecraft/mc-mods/super-factory-manager/files/4581173"
"1.19.4","4.10.2","4577329","Jun 10, 2023","SuperFactoryManager-1.19.4-4.10.2.jar","https://www.curseforge.com/minecraft/mc-mods/super-factory-manager/files/4577329"
"1.19.2","4.10.2","4577328","Jun 10, 2023","SuperFactoryManager-1.19.2-4.10.2.jar","https://www.curseforge.com/minecraft/mc-mods/super-factory-manager/files/4577328"
"1.19.4","4.10.1","4548731","May 23, 2023","SuperFactoryManager-1.19.4-4.10.1.jar","https://www.curseforge.com/minecraft/mc-mods/super-factory-manager/files/4548731"
"1.19.2","4.10.1","4548730","May 23, 2023","SuperFactoryManager-1.19.2-4.10.1.jar","https://www.curseforge.com/minecraft/mc-mods/super-factory-manager/files/4548730"
"1.19.4","4.10.0","4543147","May 19, 2023","SuperFactoryManager-1.19.4-4.10.0.jar","https://www.curseforge.com/minecraft/mc-mods/super-factory-manager/files/4543147"
"1.19.2","4.10.0","4543146","May 19, 2023","SuperFactoryManager-1.19.2-4.10.0.jar","https://www.curseforge.com/minecraft/mc-mods/super-factory-manager/files/4543146"
"1.19.4","4.9.0","4529402","May 9, 2023","SuperFactoryManager-1.19.4-4.9.0.jar","https://www.curseforge.com/minecraft/mc-mods/super-factory-manager/files/4529402"
"1.19.2","4.9.0","4529401","May 9, 2023","SuperFactoryManager-1.19.2-4.9.0.jar","https://www.curseforge.com/minecraft/mc-mods/super-factory-manager/files/4529401"
"1.19.4","4.8.0","4516206","May 1, 2023","SuperFactoryManager-1.19.4-4.8.0.jar","https://www.curseforge.com/minecraft/mc-mods/super-factory-manager/files/4516206"
"1.19.2","4.8.0","4516205","May 1, 2023","SuperFactoryManager-1.19.2-4.8.0.jar","https://www.curseforge.com/minecraft/mc-mods/super-factory-manager/files/4516205"
"1.19.4","4.7.3","4508648","Apr 26, 2023","SuperFactoryManager-1.19.4-4.7.3.jar","https://www.curseforge.com/minecraft/mc-mods/super-factory-manager/files/4508648"
"1.19.2","4.7.3","4508647","Apr 26, 2023","SuperFactoryManager-1.19.2-4.7.3.jar","https://www.curseforge.com/minecraft/mc-mods/super-factory-manager/files/4508647"
"1.19.4","4.7.2","4498798","Apr 20, 2023","SuperFactoryManager-1.19.4-4.7.2.jar","https://www.curseforge.com/minecraft/mc-mods/super-factory-manager/files/4498798"
"1.19.2","4.7.2","4498797","Apr 20, 2023","SuperFactoryManager-1.19.2-4.7.2.jar","https://www.curseforge.com/minecraft/mc-mods/super-factory-manager/files/4498797"
"1.19.4","4.7.1","4492504","Apr 16, 2023","SuperFactoryManager-1.19.4-4.7.1.jar","https://www.curseforge.com/minecraft/mc-mods/super-factory-manager/files/4492504"
"1.19.2","4.7.1","4492503","Apr 16, 2023","SuperFactoryManager-1.19.2-4.7.1.jar","https://www.curseforge.com/minecraft/mc-mods/super-factory-manager/files/4492503"
"1.19.4","4.7.0","4489707","Apr 14, 2023","SuperFactoryManager-1.19.4-4.7.0.jar","https://www.curseforge.com/minecraft/mc-mods/super-factory-manager/files/4489707"
"1.19.2","4.7.0","4489702","Apr 14, 2023","SuperFactoryManager-1.19.2-4.7.0.jar","https://www.curseforge.com/minecraft/mc-mods/super-factory-manager/files/4489702"
"1.19.2","4.6.1","4483644","Apr 10, 2023","SuperFactoryManager-1.19.2-4.6.1.jar","https://www.curseforge.com/minecraft/mc-mods/super-factory-manager/files/4483644"
"1.19.2","4.6.0","4477218","Apr 6, 2023","SuperFactoryManager-1.19.2-4.6.0.jar","https://www.curseforge.com/minecraft/mc-mods/super-factory-manager/files/4477218"
"1.19.2","4.5.1","4458575","Mar 26, 2023","SuperFactoryManager-1.19.2-4.5.1.jar","https://www.curseforge.com/minecraft/mc-mods/super-factory-manager/files/4458575"
"1.19.4","4.5.1","4458094","Mar 25, 2023","SuperFactoryManager-1.19.4-4.5.1.jar","https://www.curseforge.com/minecraft/mc-mods/super-factory-manager/files/4458094"
"1.19.2","4.5.0","4446721","Mar 19, 2023","SuperFactoryManager-1.19.2-4.5.0.jar","https://www.curseforge.com/minecraft/mc-mods/super-factory-manager/files/4446721"
"1.19.2","4.4.4","4329343","Jan 12, 2023","SuperFactoryManager-1.19.2-4.4.4.jar","https://www.curseforge.com/minecraft/mc-mods/super-factory-manager/files/4329343"
"1.19.2","4.4.3","4011313","Sep 29, 2022","SuperFactoryManager-1.19.2-4.4.3.jar","https://www.curseforge.com/minecraft/mc-mods/super-factory-manager/files/4011313"
"1.19.2","4.4.2","4011226","Sep 29, 2022","SuperFactoryManager-1.19.2-4.4.2.jar","https://www.curseforge.com/minecraft/mc-mods/super-factory-manager/files/4011226"
"1.19.2","4.4.1","3953665","Aug 27, 2022","SuperFactoryManager-1.19.2-4.4.1.jar","https://www.curseforge.com/minecraft/mc-mods/super-factory-manager/files/3953665"
"1.19","4.3.1","3878540","Jul 16, 2022","SuperFactoryManager-1.19-4.3.1.jar","https://www.curseforge.com/minecraft/mc-mods/super-factory-manager/files/3878540"
"1.19","4.3.0","3843281","Jun 22, 2022","SuperFactoryManager-1.19-4.3.0.jar","https://www.curseforge.com/minecraft/mc-mods/super-factory-manager/files/3843281"
"1.19","4.2.0","3822242","Jun 8, 2022","SuperFactoryManager-1.19-4.2.0.jar","https://www.curseforge.com/minecraft/mc-mods/super-factory-manager/files/3822242"
"1.18.2","4.1.1","3812852","Jun 1, 2022","SuperFactoryManager-1.18.2-4.1.1.jar","https://www.curseforge.com/minecraft/mc-mods/super-factory-manager/files/3812852"
"1.18.2","4.1.0","3806558","May 27, 2022","SuperFactoryManager-1.18.2-4.1.0.jar","https://www.curseforge.com/minecraft/mc-mods/super-factory-manager/files/3806558"
"1.18.2","4.0.3","3763838","Apr 22, 2022","SuperFactoryManager-1.18.2-4.0.3.jar","https://www.curseforge.com/minecraft/mc-mods/super-factory-manager/files/3763838"
"1.18.1","4.0.2","3633646","Feb 2, 2022","SuperFactoryManager-1.18.1-4.0.2.jar","https://www.curseforge.com/minecraft/mc-mods/super-factory-manager/files/3633646"
"1.18.1","4.0.1","3586567","Dec 31, 2021","SuperFactoryManager-1.18.1-4.0.1.jar","https://www.curseforge.com/minecraft/mc-mods/super-factory-manager/files/3586567"
"1.18.1","4.0.0","3585098","Dec 30, 2021","SuperFactoryManager-1.18.1-4.0.0.jar","https://www.curseforge.com/minecraft/mc-mods/super-factory-manager/files/3585098"
"1.12.2","2.0.25","3357967","Jun 20, 2021","SuperFactoryManager-1.12.2-2.0.25.jar","https://www.curseforge.com/minecraft/mc-mods/super-factory-manager/files/3357967"
"1.16.4","3.1.0","3280449","Apr 18, 2021","SuperFactoryManager-1.16.4-3.1.0.jar","https://www.curseforge.com/minecraft/mc-mods/super-factory-manager/files/3280449"
"1.16.4","3.0.0","3260154","Apr 2, 2021","SuperFactoryManager-1.16.4-3.0.0.jar","https://www.curseforge.com/minecraft/mc-mods/super-factory-manager/files/3260154"
"1.12.2","2.0.24","3050275","Sep 5, 2020","SuperFactoryManager-1.12.2-2.0.24.jar","https://www.curseforge.com/minecraft/mc-mods/super-factory-manager/files/3050275"
"1.12.2","2.0.23","2782811","Sep 11, 2019","SuperFactoryManager-1.12.2-2.0.23.jar","https://www.curseforge.com/minecraft/mc-mods/super-factory-manager/files/2782811"
"1.12.2","2.0.21","2745100","Jul 20, 2019","SuperFactoryManager-1.12.2-2.0.21.jar","https://www.curseforge.com/minecraft/mc-mods/super-factory-manager/files/2745100"
"1.12.2","2.0.20","2743347","Jul 18, 2019","SuperFactoryManager-1.12.2-2.0.20.jar","https://www.curseforge.com/minecraft/mc-mods/super-factory-manager/files/2743347"
"1.12.2","2.0.19","2731217","Jun 27, 2019","SuperFactoryManager-1.12.2-2.0.19.jar","https://www.curseforge.com/minecraft/mc-mods/super-factory-manager/files/2731217"
"1.12.2","2.0.18","2727080","Jun 20, 2019","SuperFactoryManager-1.12.2-2.0.18.jar","https://www.curseforge.com/minecraft/mc-mods/super-factory-manager/files/2727080"
"1.12.2","2.0.15","2720642","Jun 5, 2019","SuperFactoryManager-1.12.2-2.0.15.jar","https://www.curseforge.com/minecraft/mc-mods/super-factory-manager/files/2720642"
"1.12.2","2.0.14","2719316","Jun 2, 2019","SuperFactoryManager-1.12.2-2.0.14.jar","https://www.curseforge.com/minecraft/mc-mods/super-factory-manager/files/2719316"