"game","mod","page","downloadUrl"
"1.21.1","4.26.0","1","https://cdn.modrinth.com/data/aecUorJQ/versions/Za3Yr2ba/Super%20Factory%20Manager%20%28SFM%29-MC1.21.1-4.26.0.jar"
"1.21","4.26.0","1","https://cdn.modrinth.com/data/aecUorJQ/versions/1vFc9Fjb/Super%20Factory%20Manager%20%28SFM%29-MC1.21-4.26.0.jar"
"1.20.4","4.26.0","1","https://cdn.modrinth.com/data/aecUorJQ/versions/lqn122ZC/Super%20Factory%20Manager%20%28SFM%29-MC1.20.4-4.26.0.jar"
"1.20.3","4.26.0","1","https://cdn.modrinth.com/data/aecUorJQ/versions/fpQI0XVv/Super%20Factory%20Manager%20%28SFM%29-MC1.20.3-4.26.0.jar"
"1.20.2","4.26.0","1","https://cdn.modrinth.com/data/aecUorJQ/versions/C8SOEpYO/Super%20Factory%20Manager%20%28SFM%29-MC1.20.2-4.26.0.jar"
"1.20.1","4.26.0","1","https://cdn.modrinth.com/data/aecUorJQ/versions/JHBl4rLT/Super%20Factory%20Manager%20%28SFM%29-MC1.20.1-4.26.0.jar"
"1.20","4.26.0","1","https://cdn.modrinth.com/data/aecUorJQ/versions/TeDeoMon/Super%20Factory%20Manager%20%28SFM%29-MC1.20-4.26.0.jar"
"1.19.4","4.26.0","1","https://cdn.modrinth.com/data/aecUorJQ/versions/ZOcIVkhZ/Super%20Factory%20Manager%20%28SFM%29-MC1.19.4-4.26.0.jar"
"1.19.2","4.26.0","1","https://cdn.modrinth.com/data/aecUorJQ/versions/X856wy1z/Super%20Factory%20Manager%20%28SFM%29-MC1.19.2-4.26.0.jar"
"1.21.1","4.25.0","1","https://cdn.modrinth.com/data/aecUorJQ/versions/YwuqItoS/Super%20Factory%20Manager%20%28SFM%29-MC1.21.1-4.25.0.jar"
"1.21","4.25.0","1","https://cdn.modrinth.com/data/aecUorJQ/versions/iAgVABSG/Super%20Factory%20Manager%20%28SFM%29-MC1.21-4.25.0.jar"
"1.20.4","4.25.0","1","https://cdn.modrinth.com/data/aecUorJQ/versions/TVXBFThT/Super%20Factory%20Manager%20%28SFM%29-MC1.20.4-4.25.0.jar"
"1.20.3","4.25.0","1","https://cdn.modrinth.com/data/aecUorJQ/versions/oE7eCHul/Super%20Factory%20Manager%20%28SFM%29-MC1.20.3-4.25.0.jar"
"1.20.2","4.25.0","1","https://cdn.modrinth.com/data/aecUorJQ/versions/KSS0xDSA/Super%20Factory%20Manager%20%28SFM%29-MC1.20.2-4.25.0.jar"
"1.20.1","4.25.0","1","https://cdn.modrinth.com/data/aecUorJQ/versions/3xchyy3R/Super%20Factory%20Manager%20%28SFM%29-MC1.20.1-4.25.0.jar"
"1.20","4.25.0","1","https://cdn.modrinth.com/data/aecUorJQ/versions/4osBgTPB/Super%20Factory%20Manager%20%28SFM%29-MC1.20-4.25.0.jar"
"1.19.4","4.25.0","1","https://cdn.modrinth.com/data/aecUorJQ/versions/iUu8qE18/Super%20Factory%20Manager%20%28SFM%29-MC1.19.4-4.25.0.jar"
"1.19.2","4.25.0","1","https://cdn.modrinth.com/data/aecUorJQ/versions/UJFS38Gy/Super%20Factory%20Manager%20%28SFM%29-MC1.19.2-4.25.0.jar"
"1.21.1","4.24.0","1","https://cdn.modrinth.com/data/aecUorJQ/versions/HnzHij1h/Super%20Factory%20Manager%20%28SFM%29-MC1.21.1-4.24.0.jar"
"1.21","4.24.0","1","https://cdn.modrinth.com/data/aecUorJQ/versions/sum9EwT7/Super%20Factory%20Manager%20%28SFM%29-MC1.21-4.24.0.jar"
"1.20.4","4.24.0","2","https://cdn.modrinth.com/data/aecUorJQ/versions/78hVwoYw/Super%20Factory%20Manager%20%28SFM%29-MC1.20.4-4.24.0.jar"
"1.20.3","4.24.0","2","https://cdn.modrinth.com/data/aecUorJQ/versions/GM6PnPmD/Super%20Factory%20Manager%20%28SFM%29-MC1.20.3-4.24.0.jar"
"1.20.2","4.24.0","2","https://cdn.modrinth.com/data/aecUorJQ/versions/cQke0yar/Super%20Factory%20Manager%20%28SFM%29-MC1.20.2-4.24.0.jar"
"1.20.1","4.24.0","2","https://cdn.modrinth.com/data/aecUorJQ/versions/3OKUNebp/Super%20Factory%20Manager%20%28SFM%29-MC1.20.1-4.24.0.jar"
"1.20","4.24.0","2","https://cdn.modrinth.com/data/aecUorJQ/versions/XzdjL7OP/Super%20Factory%20Manager%20%28SFM%29-MC1.20-4.24.0.jar"
"1.19.4","4.24.0","2","https://cdn.modrinth.com/data/aecUorJQ/versions/5XNKqdGK/Super%20Factory%20Manager%20%28SFM%29-MC1.19.4-4.24.0.jar"
"1.19.2","4.24.0","2","https://cdn.modrinth.com/data/aecUorJQ/versions/D9vORLUs/Super%20Factory%20Manager%20%28SFM%29-MC1.19.2-4.24.0.jar"
"1.21.1","4.23.0","2","https://cdn.modrinth.com/data/aecUorJQ/versions/LdFDJfaQ/Super%20Factory%20Manager%20%28SFM%29-MC1.21.1-4.23.0.jar"
"1.21","4.23.0","2","https://cdn.modrinth.com/data/aecUorJQ/versions/h8cMkykH/Super%20Factory%20Manager%20%28SFM%29-MC1.21-4.23.0.jar"
"1.20.4","4.23.0","2","https://cdn.modrinth.com/data/aecUorJQ/versions/Mt3LXrt1/Super%20Factory%20Manager%20%28SFM%29-MC1.20.4-4.23.0.jar"
"1.20.3","4.23.0","2","https://cdn.modrinth.com/data/aecUorJQ/versions/jz8jL9d9/Super%20Factory%20Manager%20%28SFM%29-MC1.20.3-4.23.0.jar"
"1.20.2","4.23.0","2","https://cdn.modrinth.com/data/aecUorJQ/versions/7syQ4emF/Super%20Factory%20Manager%20%28SFM%29-MC1.20.2-4.23.0.jar"
"1.20.1","4.23.0","2","https://cdn.modrinth.com/data/aecUorJQ/versions/WMJz8yOv/Super%20Factory%20Manager%20%28SFM%29-MC1.20.1-4.23.0.jar"
"1.20","4.23.0","2","https://cdn.modrinth.com/data/aecUorJQ/versions/iNZnLzTg/Super%20Factory%20Manager%20%28SFM%29-MC1.20-4.23.0.jar"
"1.19.4","4.23.0","2","https://cdn.modrinth.com/data/aecUorJQ/versions/Ki6aZ81W/Super%20Factory%20Manager%20%28SFM%29-MC1.19.4-4.23.0.jar"
"1.19.2","4.23.0","2","https://cdn.modrinth.com/data/aecUorJQ/versions/huVhzwtv/Super%20Factory%20Manager%20%28SFM%29-MC1.19.2-4.23.0.jar"
"1.21.1","4.22.0","2","https://cdn.modrinth.com/data/aecUorJQ/versions/DoiGMxgk/Super%20Factory%20Manager%20%28SFM%29-MC1.21.1-4.22.0.jar"
"1.21","4.22.0","2","https://cdn.modrinth.com/data/aecUorJQ/versions/7RFOnVgf/Super%20Factory%20Manager%20%28SFM%29-MC1.21-4.22.0.jar"
"1.20.4","4.22.0","2","https://cdn.modrinth.com/data/aecUorJQ/versions/gT06gA2S/Super%20Factory%20Manager%20%28SFM%29-MC1.20.4-4.22.0.jar"
"1.20.3","4.22.0","2","https://cdn.modrinth.com/data/aecUorJQ/versions/36gkt0xD/Super%20Factory%20Manager%20%28SFM%29-MC1.20.3-4.22.0.jar"
"1.20.2","4.22.0","3","https://cdn.modrinth.com/data/aecUorJQ/versions/tIy4mLXV/Super%20Factory%20Manager%20%28SFM%29-MC1.20.2-4.22.0.jar"
"1.20.1","4.22.0","3","https://cdn.modrinth.com/data/aecUorJQ/versions/xodV1OIC/Super%20Factory%20Manager%20%28SFM%29-MC1.20.1-4.22.0.jar"
"1.20","4.22.0","3","https://cdn.modrinth.com/data/aecUorJQ/versions/aLqfHjQN/Super%20Factory%20Manager%20%28SFM%29-MC1.20-4.22.0.jar"
"1.19.4","4.22.0","3","https://cdn.modrinth.com/data/aecUorJQ/versions/ZeNLunYv/Super%20Factory%20Manager%20%28SFM%29-MC1.19.4-4.22.0.jar"
"1.19.2","4.22.0","3","https://cdn.modrinth.com/data/aecUorJQ/versions/zY0oVUSx/Super%20Factory%20Manager%20%28SFM%29-MC1.19.2-4.22.0.jar"
"1.21.1","4.21.0","3","https://cdn.modrinth.com/data/aecUorJQ/versions/gfscG4pO/Super%20Factory%20Manager%20%28SFM%29-MC1.21.1-4.21.0.jar"
"1.21","4.21.0","3","https://cdn.modrinth.com/data/aecUorJQ/versions/wC9cVxm8/Super%20Factory%20Manager%20%28SFM%29-MC1.21-4.21.0.jar"
"1.20.4","4.21.0","3","https://cdn.modrinth.com/data/aecUorJQ/versions/9jN6FIYS/Super%20Factory%20Manager%20%28SFM%29-MC1.20.4-4.21.0.jar"
"1.20.3","4.21.0","3","https://cdn.modrinth.com/data/aecUorJQ/versions/yr2b0tHP/Super%20Factory%20Manager%20%28SFM%29-MC1.20.3-4.21.0.jar"
"1.20.2","4.21.0","3","https://cdn.modrinth.com/data/aecUorJQ/versions/Q6BEmv4u/Super%20Factory%20Manager%20%28SFM%29-MC1.20.2-4.21.0.jar"
"1.20.1","4.21.0","3","https://cdn.modrinth.com/data/aecUorJQ/versions/noCrRf8W/Super%20Factory%20Manager%20%28SFM%29-MC1.20.1-4.21.0.jar"
"1.20","4.21.0","3","https://cdn.modrinth.com/data/aecUorJQ/versions/8QCMMlMW/Super%20Factory%20Manager%20%28SFM%29-MC1.20-4.21.0.jar"
"1.19.4","4.21.0","3","https://cdn.modrinth.com/data/aecUorJQ/versions/ioYByhKp/Super%20Factory%20Manager%20%28SFM%29-MC1.19.4-4.21.0.jar"
"1.19.2","4.21.0","3","https://cdn.modrinth.com/data/aecUorJQ/versions/yXUMT0HF/Super%20Factory%20Manager%20%28SFM%29-MC1.19.2-4.21.0.jar"
"1.21.1","4.20.0","3","https://cdn.modrinth.com/data/aecUorJQ/versions/bjvX50O3/Super%20Factory%20Manager%20%28SFM%29-MC1.21.1-4.20.0.jar"
"1.21","4.20.0","3","https://cdn.modrinth.com/data/aecUorJQ/versions/EJmoOQe5/Super%20Factory%20Manager%20%28SFM%29-MC1.21-4.20.0.jar"
"1.20.4","4.20.0","3","https://cdn.modrinth.com/data/aecUorJQ/versions/9YwfcyEQ/Super%20Factory%20Manager%20%28SFM%29-MC1.20.4-4.20.0.jar"
"1.20.3","4.20.0","3","https://cdn.modrinth.com/data/aecUorJQ/versions/oY2lCaub/Super%20Factory%20Manager%20%28SFM%29-MC1.20.3-4.20.0.jar"
"1.20.2","4.20.0","3","https://cdn.modrinth.com/data/aecUorJQ/versions/3yiOhpjo/Super%20Factory%20Manager%20%28SFM%29-MC1.20.2-4.20.0.jar"
"1.20.1","4.20.0","3","https://cdn.modrinth.com/data/aecUorJQ/versions/3UO177OB/Super%20Factory%20Manager%20%28SFM%29-MC1.20.1-4.20.0.jar"
"1.20","4.20.0","4","https://cdn.modrinth.com/data/aecUorJQ/versions/4yEsfSXZ/Super%20Factory%20Manager%20%28SFM%29-MC1.20-4.20.0.jar"
"1.19.4","4.20.0","4","https://cdn.modrinth.com/data/aecUorJQ/versions/rBgXpZlp/Super%20Factory%20Manager%20%28SFM%29-MC1.19.4-4.20.0.jar"
"1.19.2","4.20.0","4","https://cdn.modrinth.com/data/aecUorJQ/versions/qBplV42h/Super%20Factory%20Manager%20%28SFM%29-MC1.19.2-4.20.0.jar"
"1.21.1","4.19.0","4","https://cdn.modrinth.com/data/aecUorJQ/versions/mlBNW5lZ/Super%20Factory%20Manager-1.21.1-4.19.0.jar"
"1.21","4.19.0","4","https://cdn.modrinth.com/data/aecUorJQ/versions/CiJHtiNn/Super%20Factory%20Manager-1.21-4.19.0.jar"
"1.20.4","4.19.0","4","https://cdn.modrinth.com/data/aecUorJQ/versions/DL86I4je/Super%20Factory%20Manager-1.20.4-4.19.0.jar"
"1.20.3","4.19.0","4","https://cdn.modrinth.com/data/aecUorJQ/versions/trkmAFSQ/Super%20Factory%20Manager-1.20.3-4.19.0.jar"
"1.20.2","4.19.0","4","https://cdn.modrinth.com/data/aecUorJQ/versions/EzWVxbPu/Super%20Factory%20Manager-1.20.2-4.19.0.jar"
"1.20.1","4.19.0","4","https://cdn.modrinth.com/data/aecUorJQ/versions/y8RXdGTD/Super%20Factory%20Manager-1.20.1-4.19.0.jar"
"1.20","4.19.0","4","https://cdn.modrinth.com/data/aecUorJQ/versions/XSC207Ip/Super%20Factory%20Manager-1.20-4.19.0.jar"
"1.19.2","4.19.0","4","https://cdn.modrinth.com/data/aecUorJQ/versions/mqmNz2iw/Super%20Factory%20Manager-1.19.2-4.19.0.jar"
"1.21","4.18.0","4","https://cdn.modrinth.com/data/aecUorJQ/versions/UqVP7WES/Super%20Factory%20Manager-1.21-4.18.0.jar"
"1.20.4","4.18.0","4","https://cdn.modrinth.com/data/aecUorJQ/versions/2k972bPv/Super%20Factory%20Manager-1.20.4-4.18.0.jar"
"1.20.3","4.18.0","4","https://cdn.modrinth.com/data/aecUorJQ/versions/nnSJgQKm/Super%20Factory%20Manager-1.20.3-4.18.0.jar"
"1.20.2","4.18.0","4","https://cdn.modrinth.com/data/aecUorJQ/versions/eDtx8rof/Super%20Factory%20Manager-1.20.2-4.18.0.jar"
"1.20","4.18.0","4","https://cdn.modrinth.com/data/aecUorJQ/versions/jMmbH1Bx/Super%20Factory%20Manager-1.20-4.18.0.jar"
"1.20.1","4.18.0","4","https://cdn.modrinth.com/data/aecUorJQ/versions/d0TMtQFF/Super%20Factory%20Manager-1.20.1-4.18.0.jar"
"1.19.4","4.18.0","4","https://cdn.modrinth.com/data/aecUorJQ/versions/wsPbHgYx/Super%20Factory%20Manager-1.19.4-4.18.0.jar"
"1.19.2","4.18.0","4","https://cdn.modrinth.com/data/aecUorJQ/versions/epP9g80j/Super%20Factory%20Manager-1.19.2-4.18.0.jar"
"1.20.4","4.17.0","4","https://cdn.modrinth.com/data/aecUorJQ/versions/v33dIiZA/Super%20Factory%20Manager-1.20.4-4.17.0.jar"
"1.20.3","4.17.0","5","https://cdn.modrinth.com/data/aecUorJQ/versions/KctLN4TX/Super%20Factory%20Manager-1.20.3-4.17.0.jar"
"1.20.2","4.17.0","5","https://cdn.modrinth.com/data/aecUorJQ/versions/X0bATx2B/Super%20Factory%20Manager-1.20.2-4.17.0.jar"
"1.20.1","4.17.0","5","https://cdn.modrinth.com/data/aecUorJQ/versions/5C3YxvEH/Super%20Factory%20Manager-1.20.1-4.17.0.jar"
"1.20","4.17.0","5","https://cdn.modrinth.com/data/aecUorJQ/versions/mVAsN9g1/Super%20Factory%20Manager-1.20-4.17.0.jar"
"1.19.4","4.17.0","5","https://cdn.modrinth.com/data/aecUorJQ/versions/lUe59P64/Super%20Factory%20Manager-1.19.4-4.17.0.jar"
"1.19.2","4.17.0","5","https://cdn.modrinth.com/data/aecUorJQ/versions/CzPaLHkG/Super%20Factory%20Manager-1.19.2-4.17.0.jar"
"1.20.4","4.16.0","5","https://cdn.modrinth.com/data/aecUorJQ/versions/B2caklsm/Super%20Factory%20Manager-1.20.4-4.16.0.jar"
"1.20.3","4.16.0","5","https://cdn.modrinth.com/data/aecUorJQ/versions/Lshv2sgV/Super%20Factory%20Manager-1.20.3-4.16.0.jar"
"1.20.2","4.16.0","5","https://cdn.modrinth.com/data/aecUorJQ/versions/bxXzACSL/Super%20Factory%20Manager-1.20.2-4.16.0.jar"
"1.20.1","4.16.0","5","https://cdn.modrinth.com/data/aecUorJQ/versions/cmiMjyun/Super%20Factory%20Manager-1.20.1-4.16.0.jar"
"1.20","4.16.0","5","https://cdn.modrinth.com/data/aecUorJQ/versions/S6F51gfd/Super%20Factory%20Manager-1.20-4.16.0.jar"
"1.19.4","4.16.0","5","https://cdn.modrinth.com/data/aecUorJQ/versions/9jd5K8Ch/Super%20Factory%20Manager-1.19.4-4.16.0.jar"
"1.19.2","4.16.0","5","https://cdn.modrinth.com/data/aecUorJQ/versions/84ZSNFaH/Super%20Factory%20Manager-1.19.2-4.16.0.jar"
"1.20.4","4.15.1","5","https://cdn.modrinth.com/data/aecUorJQ/versions/lhqW3DTu/Super%20Factory%20Manager-1.20.4-4.15.1.jar"
"1.20.3","4.15.1","5","https://cdn.modrinth.com/data/aecUorJQ/versions/IyyHpQia/Super%20Factory%20Manager-1.20.3-4.15.1.jar"
"1.20.2","4.15.1","5","https://cdn.modrinth.com/data/aecUorJQ/versions/InRfTkZN/Super%20Factory%20Manager-1.20.2-4.15.1.jar"
"1.20.1","4.15.1","5","https://cdn.modrinth.com/data/aecUorJQ/versions/DEnnTdTH/Super%20Factory%20Manager-1.20.1-4.15.1.jar"
"1.20","4.15.1","5","https://cdn.modrinth.com/data/aecUorJQ/versions/ZoLmUvGw/Super%20Factory%20Manager-1.20-4.15.1.jar"
"1.19.4","4.15.1","5","https://cdn.modrinth.com/data/aecUorJQ/versions/tO6ckbso/Super%20Factory%20Manager-1.19.4-4.15.1.jar"
"1.19.2","4.15.1","5","https://cdn.modrinth.com/data/aecUorJQ/versions/beHdViQ7/Super%20Factory%20Manager-1.19.2-4.15.1.jar"
"1.20.1","4.14.1","6","https://cdn.modrinth.com/data/aecUorJQ/versions/njkZiieG/Super%20Factory%20Manager-1.20.1-4.14.1.jar"
"1.20","4.14.1","6","https://cdn.modrinth.com/data/aecUorJQ/versions/u7rMrclX/Super%20Factory%20Manager-1.20-4.14.1.jar"
"1.19.4","4.14.1","6","https://cdn.modrinth.com/data/aecUorJQ/versions/vwu8sEF9/Super%20Factory%20Manager-1.19.4-4.14.1.jar"
"1.19.2","4.14.1","6","https://cdn.modrinth.com/data/aecUorJQ/versions/PLSG4FZs/Super%20Factory%20Manager-1.19.2-4.14.1.jar"